hu,Krisztián Sipos,Hyper,Ferrari 499P
hu,Dániel Dohányos,Hyper,Alpine A424
hu,Attila Csókás,Hyper,BMW M Hybrid V8
hu,László Varga,Hyper,BMW M Hybrid V8
hu,Balázs Juráncsik,Hyper,BMW M Hybrid V8
hu,Laszlo Rado,Hyper,Alpine A424
hu,David Kalocsai,Hyper,Cadillac V-LMDH
hu,Edvin Mekis,Hyper,Aston Martin Valkyrie LM
hu,Máté Sonn,Hyper,Lamborghini SC63
hu,DOBOS Attila,Hyper,BMW M Hybrid V8
hu,Sa'ndor Szabo,GT3pro,Lexus RCF LMGT3
uk,Joseph Chada,GT3pro,Lexus RCF LMGT3
hu,Zoltan Perger,GT3pro,BMW M4 LMGT3
hu,Tamas Perger,GT3pro,BMW M4 LMGT3
hu,Dorián Németh,GT3pro,McLaren 720s LMGT3
hu,Alex Bába,GT3pro,Lexus RCF LMGT3
hu,Kovács Péter,GT3pro,BMW M4 LMGT3
hu,Németh Zoltán,GT3pro,BMW M4 LMGT3
hu,Tombor Peter,GT3pro,Lexus RCF LMGT3
hu,Máté Juhász,GT3pro,Ford Mustang LMGT3
hu,Máté Osvalda,GT3pro,Ford Mustang LMGT3
hu,Mark Cserhati,GT3pro,Ford Mustang LMGT3
hu,Zoltán Balogh,GT3pro,Porsche 911 GT3 R LMGT3
hu,Tomi Rendes,GT3pro,Porsche 911 GT3 R LMGT3
hu,Balázs Czuczor,GT3pro,Porsche 911 GT3 R LMGT3
hu,Marcell Gyori,GT3pro,Mercedes-AMG LMGT3
hu,Richárd Bacskó,GT3pro,Porsche 911 GT3 R LMGT3
hu,Csaba Nagy,GT3pro,BMW M4 LMGT3
gb,AJ Biro,GT3pro,Porsche 911 GT3 R LMGT3
hu,György Bekker,GT3pro,BMW M4 LMGT3
hu,Szalai Dániel,GT3pro,BMW M4 LMGT3
hu,Gabor Remete,GT3pro,BMW M4 LMGT3
hu,Norbert Császár,GT3pro,Porsche 911 GT3 R LMGT3
